no,text,translate,label1,label2,average
1,padahal ppkm sudah putus pada tanggal harus sudah mulai dijalanin tanggal bukan tanggal bahkan wna masih boleh masuk hingga tanggal,"even though PPKM has been broken on the date it must have started on the date not the date, even foreigners can still enter until the date",0,0,0
2,since ppkm yg bikin mood ancur bikin frustrated gimana cara dapet uang gimana cara biar bisa bayar ini bayar sampe nafsu makan aja,"since it was PPKM that ruined the mood and made me frustrated, how do I get money, how can I pay for this, just pay until I have an appetite",0,0,0
3,ppkm belum hilang sudah ancam prediksi gelombang ke entah mau sampai gelombang berapa ken banget rakyat,"PPKM hasn't disappeared, it's already threatening to predict what wave will come, how many waves do people really want",0,0,0
4,paksa karna ppkm,forced because of ppkm,0,0,0
5,wali kota malang bukti langgar vonis denda juta,the mayor of Malang is proof of violating the sentence of a million fine,0,0,0
6,wali kota malang sutiaji jatuh sanksi upa denda besar juta karena bukti langgar atur pada masa ppkm level dalam giat sepeda tuju pantai kondang kabupaten malang pada september,"The mayor of Malang, Sutiaji, has been penalized with a large fine of Rp. 100,000 for evidence of violating the regulations during the PPKM level in the bicycle activity to the famous beach, Malang Regency, in September.",0,0,0
7,saya pernah telpon ke salah satu mau lapor kerumun kantor yg tidak ikut ppkm eh yg ga di ruweeetttt ria omdo,"I once called someone who wanted to report to the office crowd who didn't join PPKM, eh, those who weren't ruweeetttt ria omdo",0,0,0
8,humas pn kepanjen muhamad aulia reza utama jelas erik dan arif yang jadi dakwa kompak aku salah langgar atur,"Public Relations Pn Kepanjen Muhammad Aulia Reza Utama, clearly Erik and Arif, who became the compact indictment, I violated the rules",0,0,0
9,dalam sidang tindak pidana ringan sutiaji dan rombong vonis telah langgar prokes ppkm level dan atur gubernur jawa,"In the trial for minor crimes, Sutiaji and Rombong, the verdict had violated the PPKM level and regulated the governor of Java.",0,0,0
10,yang langgar atur ppkm ya harus kena entah jabat atau rakyat,Those who violate the PPKM rules must be hit either by office or by the people,0,0,0
11,wali sekretaris dan kepala bagi umum perintah kota malang vonis salah langgar atur mereka harus bayar denda total rp juta atau subsider penjara bas,"guardian, secretary and head of public affairs, the Malang city orders the verdict for violating the rules, they must pay a total fine of IDR million or a subsidiary prison bus",0,0,0
12,sudah dari zaman ppkm larang cuti yang mana,It's been from the PPKM era which leave forbid,0,0,0
13,lah langgar ppkm kyknya emang masuk tindak pidana ringan,"If you violate PPKM, it looks like it's a minor crime",0,0,0
14,serius ada langgar ppkm yang putus hukum sampe bas tahun,"Seriously, there is a PPKM violation that breaks the law until the bus last year",0,0,0
15,ppkm bukan bikin langit makin biru mala jadi abu abu dan buat susah nafas siapa yang rasa itu akhir akhir,"PPKM doesn't make the sky bluer and it turns gray and makes it hard to breathe, who thinks it's the end",0,0,0
16,tanpa ppkm corona jg bakal ilang dengan sendiri otak batu,without ppkm corona will also disappear by itself with a stone brain,0,0,0
17,dinas sehat klaten terus upaya cegah kasus upaya sebut kendala pantau sebab ada bagai batas dampak dari pandemi,The Klaten Health Service continues to try to prevent cases of trying to call it a monitoring problem because there is a limit to the impact of the pandemic,0,0,0
18,mana masa ppkm bukan makin kaya malah makin dompet pun makin kering,"Where is the PPKM period not getting richer, even the wallet is getting drier",0,0,0
19,jika tidak bayar maka akan ganti dengan kurung penjara lama hari,"If you don't pay, you will be replaced with a long prison term",0,0,0
20,iya tau dia ngelanggar atur ppkm korea yg gaboleh keluar malem malem buat nongkrong,"Yes, I know he violated the Korean PPKM rules that he can't go out at night to hang out",0,0,0
21,ppkm setor pada macet nih,ppkm deposit is stuck,0,0,0
22,capai vaksinasi rendah jadi sebab pandeglang terap ppkm level,achieve low vaccination so the reason for pandeglang is to apply ppkm level,0,0,0
23,politis partai demokrat sebut sama rombong anggap telah laku tindak pidana ringan atau tipiring karena langgar protokol sehat ppkm level dan atur gubernur,Democratic party politicians say that the same rombong considers that they have committed a minor crime because they have violated the PPKM level healthy protocol and regulate the governor,0,0,0
24,di ruwetnesia msh jebak ppkm trs sampai bodoh mana mana,"In Ruwetnesia, you are still trapped by PPKM, so stupid everywhere",0,0,0
25,vonis ini ujung dari langgar protokol sehat ketika wali kota malang sutiaji gowes di pantai kondang merak saat ppkm level,"This verdict is the end of violating healthy protocol when the mayor of Malang, Sutiaji, goes to the famous Merak Beach during PPKM level.",0,0,0
26,udah semenjak ppkm jadi level jkt dah macet lagi,"It's been since PPKM became JKT level, it's stuck again",0,0,0
27,ya ga wajar wong lagi ppkm level terus udah tau juga kalau si haters nya itu di luar elu orang tua dan anak kecil yang ga tau photonya elu posting di ck ck ck ck ga abis pikir aku mah,"Yes, it's not natural that people are at PPKM level and you already know that the haters are outside of you, parents and small children who don't know your photo posted on tsk tsk tsk tsk, I didn't think I was",0,0,0
28,tagih dari bank mulai lagi karna ppkm udh longgar dan mereka datang tidak sesuai protokol baru datang dc malah mau masuk dalam skalian bisa ngobrol dan minta ga mau karena rumah ada orang tua yg sakit saya takut,"the bill from the bank started again because the PPKM was loose and they came not according to the protocol, just arrived dc instead they wanted to join you, you can chat and ask if you don't want to because there are sick parents at home, I'm afraid",0,0,0
29,makin jepit aja rezim medis fakta fakta balik serang ppkm abal,"The medical regime is getting tighter, the facts behind the fake PPKM attack",0,0,0
30,ppkm gak msk jokowi bego gilo gilo lo,"PPKM doesn't see Jokowi, you're stupid, you're crazy",0,0,0
31,dki sulit turun ke ppkm level meski corona sudah rendah detikhealth,dki is difficult to get down to ppkm level even though corona is already low detikhealth,0,0,0
32,tp harus dibreakdown apa apa ppkm wilayah dgn kunci atau dgn steril atau gitu,But it has to be broken down or PPkm the area with a key or with a sterile or something like that,0,0,0
33,pelan pelan kami marah,slowly we get angry,0,0,0
34,di facebook ada yang bilang kalo bansos henti walaupun ppkm,on facebook someone said that social assistance stopped even though ppkm,0,0,0
35,ppkm kasus celaka di batu pada akhir september naik angka banyak,PPKM cases of accidents in Batu at the end of September increased by a lot,0,0,0
36,cb elaborasi lg capai ppkm ini bs kurang mobilitas duduk provinsi brp jgn main asal klaim gt lah,cb elaboration lg achieve this ppkm can lack mobility sitting in what province don't play as long as you claim gt,0,0,0
37,kalo udah bs prediksi gin ngapa itu bandara mau buka buat orang ppkm serah negara aja kalo gelombang tiga datang juang aja,"If you can predict why the airport will open for PPKM people, just leave the country if the third wave comes, just fight",0,0,0
38,min lingkung camat gunung sindur bogor mati listrik tahap awal akhir ppkm usaha cari nafkah udah mati gak ada gak ada gmana mau ikut pesan presiden utk cc,"Min, environment, sub-district head of Gunung Sindur, Bogor, power outages in the early stages of the end of PPKM, the business of making a living has died, there is nothing, how do you want to follow the president's message for CC",0,0,0
39,waktu ppkm darurat bukan cuma miskin semu lini yg tadi gaji besar juga jd miskin otak,"During emergency PPKM, not only was the line poor who had a big salary before but also became poor in brain",0,0,0
40,masalah kok di panjang udah kayak ppkm,the problem is how long it's like ppkm,0,0,0
41,gehara ppkm amat gk perna msk makanya skg si amt bodoh,Gehara ppkm really never came that's why now he's so stupid,0,0,0
42,since ppkm yg bikin mood ancur bikin frustrated gimana cara dapet uang gimana cara biar bisa bayar ini bayar sampe nafsu makan aja,"since it was PPKM that ruined the mood and made me frustrated, how do I get money, how can I pay for this, just pay until I have an appetite",0,0,0
43,paksa karna ppkm,forced because of ppkm,0,0,0
44,tiktokers yg waktu itu ultah langgar ppkm aja akhir cuma dendaa,"Tiktokers who broke PPKM's birthday at that time, only a fine in the end",0,0,0
45,lagi stress banget gatau karena tiap hari rebah sambil sosmed an karena gaberani keluar kemudian berani baca buku yang judul begitu plong banget,"I'm really stressed, I don't know because every day I fall down on social media because I don't have the courage to go out and then I dare to read a book with a very long title",0,0,0
46,gapapa tp atur ttp hari malah di hotel itu tau lebih ketat kalo pas sblm ppkm itu ada yg karantina di wisma atlet emg hr trs pcr negatif blh pulang jg bingung tp kalo hotel wajib hari msh hari,"it's okay but set it but the day at the hotel knows it's stricter if just before PPKM there is someone who is quarantined at the athlete's house, it's still a negative day",0,0,0
47,apa yg misal ppkm panjang lagi sampai laut mati hidup lagi w udah pasrah,"what for example, long PPKM again until the dead sea comes to life again w I've given up",0,0,0
48,ppkm bukan bikin langit makin biru mala jadi abu abu dan buat susah nafas siapa yang rasa itu akhir akhir,"PPKM doesn't make the sky bluer and it turns gray and makes it hard to breathe, who thinks it's the end",0,0,0
49,makin jepit aja rezim medis fakta fakta balik serang ppkm abal,"The medical regime is getting tighter, the facts behind the fake PPKM attack",0,0,0
50,ppkm gak msk jokowi bego gilo gilo lo,"PPKM doesn't see Jokowi, you're stupid, you're crazy",0,0,0
51,dki sulit turun ke ppkm level meski corona sudah rendah detikhealth,dki is difficult to get down to ppkm level even though corona is already low detikhealth,0,0,0
52,tp harus dibreakdown apa apa ppkm wilayah dgn kunci atau dgn steril atau gitu,But it has to be broken down or PPkm the area with a key or with a sterile or something like that,0,0,0
53,pelan pelan kami marah,slowly we get angry,0,0,0
54,di facebook ada yang bilang kalo bansos henti walaupun ppkm,on facebook someone said that social assistance stopped even though ppkm,0,0,0
55,ppkm kasus celaka di batu pada akhir september naik angka banyak,PPKM cases of accidents in Batu at the end of September increased by a lot,0,0,0
56,cb elaborasi lg capai ppkm ini bs kurang mobilitas duduk provinsi brp jgn main asal klaim gt lah,cb elaboration lg achieve this ppkm can lack mobility sitting in what province don't play as long as you claim gt,0,0,0
57,kalo udah bs prediksi gin ngapa itu bandara mau buka buat orang ppkm serah negara aja kalo gelombang tiga datang juang aja,"If you can predict why the airport will open for PPKM people, just leave the country if the third wave comes, just fight",0,0,0
58,aku sih dulu iya belum ppkm tapi pas dalem bilang ke tugas bioskop izin buat deketan tanpa jarak boleh ntar pita diilangin,"I used to have no PPKM, but when I went to the cinema I said that I was allowed to be close without the distance, then the tape would be removed",0,0,0
59,disiplin prokes di ppkm level satsamapta polres serang gelar ops yustisi,Prokes discipline at PPKM level Satsamapta Polres attack holds judicial ops,0,0,0
60,panjang ga ada pasti ujung sampe ppkm apa konsep dulu,"long, there's no definite end until PPKM, what was the first concept",0,0,0
61,antisipasi longgar ini pesan kapolri,this loose anticipation is the message from the chief of police,0,0,0
62,imbas ppkm darurat min,impact of emergency ppkm min,0,0,0
63,datang sendiri sidang vonis langgar wali kota semua sama di muka hukum,"come alone, the trial verdict violates the mayor, all are equal before the law",0,0,0
64,syarat naik pesawat oktober tuju jawa dan tak perlu pcr bila sudah vaksin dosis dua via,Requirements to board an October flight to Java and no need for PCR if you have received a second dose of vaccine,0,0,0
65,turun level dinkes batang sasar vaksinasi lansia,lowering the level of the trunk health office targeting elderly vaccinations,0,0,0
66,perintah panjang ppkm hingga okt area jawa bal ppkm level bawah mengijinkan kerja sektor non esensial kerja kembali di kantor,long orders ppkm to oct Java bal area ppkm lower level allows non-essential sector work to return to work in the office,0,0,0
67,sampe lupa kalo masih dalam suasana ppkm,I forget that I'm still in PPKM,0,0,0
68,perintah panjang ppkm hingga okt area jawa bal ppkm level bawah mengijinkan kerja sektor non esensial kerja kembali di kantor,long orders ppkm to oct Java bal area ppkm lower level allows non-essential sector work to return to work in the office,0,0,0
69,sampe lupa kalo masih dalam suasana ppkm,I forget that I'm still in PPKM,0,0,0
70,bupati morowali jangan percaya berita vaksinasi bukti tekan angka korban,"Morowali regent don't believe the news of vaccination, proof of suppressing the number of victims",0,0,0
71,sayang banget rilis pas musim coba gaada ppkm pasti bakal rame bangettt,"Too bad it's released during the trial season without PPKM, it's definitely going to be really busy",0,0,0
72,riau minta pasok bbm tambah iring turun level ppkm di,"Riau asks for more fuel supplies, along with lowering the PPKM level at",0,0,0
73,ppkm pengaruh besar cegah covid,PPKM has a big impact on preventing covid,0,0,0
74,status ppkm tahan di level lihat bahwa pandemi kian pada saat seperti ini justru kampanye tertib prokes perlu makin saksi episode kamis pukul wib hanya di,"PPKM status is holding at the level. See that the pandemic is getting worse at a time like this, in fact, the campaign for an orderly process needs more witnesses to the Thursday episode at WIT only on",0,0,0
75,ppkm lindung masyarakat dari kena virus korona,PPKM protects the public from getting infected with the corona virus,0,0,0
76,ppkm lindung masyarakat dari kena virus korona,PPKM protects the public from getting infected with the corona virus,0,0,0
77,wakil ketua umum bidang koperasi dan umkm kadin akhmad syarbini efektivitas laksana ppkm darurat sangat gantung pada perilaku tanpa,"Kadin Deputy General Chairperson for Cooperatives and SMEs, Akhmad Syarbini, the effectiveness of emergency PPKM is very dependent on behavior without",0,0,0
78,ubah atur ppkm level pasar dan mal boleh buka persen via apa berat kalian even lbp lbp lagi yg pasti tdk ada satu orang bisa bantah hasil tak kenal istilah mangkrak bro n sist,"change the PPkm at market and mall levels, you can open percent via what weight you are even lbp lbp again for sure no one can deny the results don't know the term stalled bro n sis",0,0,0
79,ppkm bisa jadi kurang cara signifikan kasus bullying dan rundung oleh yg sakit cara mental dan harus dapat treatment,PPKM can be less significant in cases of bullying and bullying by those who are mentally ill and must receive treatment,0,0,0
80,disiplin prokes di ppkm level satsamapta polres serang gelar ops yustisi,Prokes discipline at PPKM level Satsamapta Polres attack holds judicial ops,0,0,0
81,ppkm lindung masyarakat dari kena virus korona,PPKM protects the public from getting infected with the corona virus,0,0,0
82,wakil ketua umum bidang koperasi dan umkm kadin akhmad syarbini efektivitas laksana ppkm darurat sangat gantung pada perilaku tanpa,"Kadin Deputy General Chairperson for Cooperatives and SMEs, Akhmad Syarbini, the effectiveness of emergency PPKM is very dependent on behavior without",0,0,0
83,ppkm di kudus naik karena cakup vaksinasi lansia masih persen,PPKM in Kudus increases because the elderly vaccination coverage is still at a percent,0,1,0
84,tak pikir turun level pemda kbb fokus selesai vaksinasi,I don't think the local government level will go down kbb focus on finishing vaccination,0,1,0
85,jumlah anggota dprd banjarmasin gelar kunker di tengah polemik bando dan batas level iv yang baru saja simak,the number of members of the Banjarmasin dprd holds a kunker in the midst of the bando controversy and the level IV limit that has just been seen,0,1,0
86,jadi buah usaha di gapok bawah untuk penuh tambah tunjang tunjang supaya tara dengan namun saat thr ambil dari kali gapok sekitar juta tidak full apalagi saat ppkm atur tunjang tunjang tidak,"so the fruit of the effort in gapok below to fully add support so that it is equal, but when thr take it from times gapok around million is not full, especially when PPkm set tunjang tunjang not",0,1,0
87,gk capek soal gw gamau tiap orang ngegampangin regulasi kait soal cara tidak langsung mereka nyusahin karena siapa tau bawa varian baru yang rugi ya makin lama,"I'm not tired of it, I don't want everyone to make it easy for the regulation of hooks about the indirect way, they're bothersome because who knows if they bring a new variant that will lose, the longer it takes",0,1,0
88,kemnaker bilang sutradara sinetron rcti bakal di rumah lama ppkm,The Ministry of Manpower said that the director of the RCTI soap opera would be at PPKM's old house,0,1,0
89,sudah turun ke desa dan camat dengan serbu tapi kalau rakyat tidak ikut kerja maka ini tidak akan hasil tutur kadrun banyak di dki,have gone down to the village and sub-district head with raids but if the people don't come to work then this will not be the result of many Kadrun speeches in dki,0,1,0
90,ppkm level yg laku hari ini mulai dapat lawan dari rakyat aceh bangkit people,"The PPKM level that is selling today is starting to get opponents from the people of Aceh, wake up people",0,1,0
91,wkwkwk justru guwe tanya dasar klaim kata test lacak data efektifitas ppkm per mana,"wkwkwk instead I asked the basis for claiming the word test, tracking data on the effectiveness of PPKM where",0,1,0
92,memang para atlet dan ofisial belum pada vaksin semua mamam tuh ppkm app pedulisetan yang gembor gemborin kata udah integrasi sama ini lah itu kalo udah gin pada buang bodi mana,"Indeed, athletes and officials have not yet been vaccinated, all mamas are PPKM, the Caressatan app, which boasts about being integrated with this, if you already have gin, which body will you throw away?",0,1,0
93,baru saja ppkm langsung,just direct ppkm,0,1,0
94,asli lama ppkm psbb tetek,original old ppkm psbb tits,0,1,0
95,ga boleh,can't,0,1,0
96,prestasi vaksin pandeglang kembali terap ppkm level ini,The achievement of the Pandeglang vaccine is again applying this level of PPKM,0,1,0
97,apakah ini efek ppkm harga tiket naik,is this the effect of ppkm ticket prices go up,0,1,0
98,bbm langka di benar akibat,rare fuel in the right result,0,1,0
99,udah jarang orang karna bagi percaya ppkm hasil dari dulu juga gin asu saya prediksi panjang kmudian tahun nama inti lokdon ingat y,"It's rare for people to believe that PPKM is the result of a long time ago, Gin Asu, I predict the length of the year, then the name of the core, I remember, I remember",0,1,0
100,baru saja ppkm langsung,just direct ppkm,0,1,0
101,asli lama ppkm psbb tetek,original old ppkm psbb tits,0,1,0
102,apakah ini efek ppkm harga tiket naik,is this the effect of ppkm ticket prices go up,0,1,0
103,vaksinasi corona yang nilai panjang ppkm level laku di daerah jawa lengkap di,"Corona vaccination, which has a long PPKM level, sells in the Java area, complete at",0,1,0
104,baru empat boneka di surabaya bongkar satpol pp dan bpb linmas boneka bongkar tugas satpol pp karena tak izin dan timbul,only four puppets in Surabaya dismantled PP Satpol and BPB Linmas dolls unloaded PP Satpol duties because they were not authorized and appeared,0,1,0
105,tanya dari saya ingin tanya mengapa di tengah terap ppkm di indonesia intensitas polusi udara tidak juga turun dan bagaimana terap bagai regulasi perintah yang ada dalam tangan cemar udara jauh,"a question from me, I want to ask why in the midst of implementing PPKM in Indonesia the intensity of air pollution has not also decreased and how it is applied as a regulation of orders that are in the hands of distant air pollutants.",0,1,0
106,pantai pulo kodok tegal lama ppkm sepi unjung,"Pulo frog beach, Tegal, long time ago, ppkm is quiet",0,1,0
107,ekonomi di jatim sempat lemah akibat ada bijak oleh karena gubernur jawa khofifah indar parawansa kata bahwa ekonomi bisa kembali pulih dengan kerja dan,"The economy in East Java was weak due to wisdom, because the governor of Java, Khofifah Indar Parawansa, said that the economy could recover with work and",0,1,0
108,trus desember pada rame ppkm gk bs acara lagi,"Then in December, PPKM can't show anymore",0,1,0
109,oh jadi kalau ngelabrak orang boleh ga patuh ppkm ya,"oh so if you bump into people, can you not obey PPKM?",0,1,0
110,kan lagi ppkm kena denda,PPKM is still being fined,0,1,0
111,aku pikir telah nikah bisa traveling keliling indonesia dengan bebas eh tp banyak dan gabisa deh libur,"I thought that when I got married, I could travel around Indonesia freely, but there were a lot and I couldn't take a day off",0,1,0
112,hanya nambah biaya utk,only add cost for,0,1,0
113,meski tambah kasus corona sudah dki jakarta masih tahan di ppkm level hal ini karena ada beberapa faktor dari target perintah yang belum,"Even though the Corona case has been added, DKI Jakarta is still holding it at the PPKM level, this is because there are several factors from the target order that have not been ordered yet.",0,1,0
114,udah jarang orang karna bagi percaya ppkm hasil dari dulu juga gin asu saya prediksi panjang kmudian tahun nama inti lokdon ingat y,"It's rare for people to believe that PPKM is the result of a long time ago, Gin Asu, I predict the length of the year, then the name of the core, I remember, I remember",0,1,0
115,baru saja ppkm langsung,just direct ppkm,0,1,0
116,asli lama ppkm psbb tetek,original old ppkm psbb tits,0,1,0
117,apakah ini efek ppkm harga tiket naik,is this the effect of ppkm ticket prices go up,0,1,0
118,vaksinasi corona yang nilai panjang ppkm level laku di daerah jawa lengkap di,"Corona vaccination, which has a long PPKM level, sells in the Java area, complete at",0,1,0
119,baru empat boneka di surabaya bongkar satpol pp dan bpb linmas boneka bongkar tugas satpol pp karena tak izin dan timbul,only four puppets in Surabaya dismantled PP Satpol and BPB Linmas dolls unloaded PP Satpol duties because they were not authorized and appeared,0,1,0
120,serda imam maulidin anggota koramil sama anggota polsek dan satpol pp laksana giat patroli ppkm darurat level dengan sasar toko sekitar terminal karangpandan himbau agar jaga sehat selalu pakai,"Serda Imam Maulidin, members of the Koramil, members of the Polsek and Satpol PP, are active at the emergency PPKM level, targeting shops around the Karangpandan terminal. He urges you to always use health.",1,1,1
121,pantau ppkm level unit samapta polsek kuta utara laku patroli ingat prokes,monitor ppkm unit level until north kuta police conduct patrols remember prokes,1,1,1
122,awas ppkm level terus di laku personil samapta polsek abiansemal dan satpol pp,watch out the PPKM level continues to be sold by personnel from the Abiansemal Sector Police and the PP Satpol,1,1,1
123,satpol pp kabupaten grobogan laku patroli awas ppkm level protkes kendali di wilayah kota purwodadi pada hari selasa tanggal oktober,"Satpol PP in Grobogan Regency conducts patrols of PPKM at the control level at the Purwodadi City area on Tuesday, October",1,1,1
124,liatin aja sampe ppkm kalo cocok panjang,Just watch until PPKM if it's long enough,1,1,1
125,ppkm kapolri instruksi seluruh polda antisipasi lonjak kasus baca lengkap,"PPKM the National Police Chief instructs all regional police to anticipate a spike in cases, read in full",1,1,1
126,masih uin jakarta laku sesuai giat akademik,still uin jakarta sells according to academic activity,1,1,1
127,pilkades di kabupaten oki ini jadi yang dua di tanah air telah ada tunda laksana pilkdes dan pilih di masa,"Pilkades in Oki Regency are the second in the country, there has been a delay like the Pilkdes and elect in the future.",1,1,1
128,ppkm mikro dki jakarta,ppkm micro dki jakarta,1,1,1
129,bupati malang mas agung sampai target vaksinasi dlm hari ke depan bs capai agar malang bisa kembali pada level,"the regent of Malang, Mas Agung, until the vaccination target in the next day can be achieved so that Malang can return to level",1,1,1
130,meski tambah kasus corona sudah dki jakarta masih tahan di ppkm level hal ini karena ada beberapa faktor dari target perintah yang belum,"Even though the Corona case has been added, DKI Jakarta is still holding it at the PPKM level, this is because there are several factors from the target order that have not been ordered yet.",1,1,1
131,sosialisasi ppkm skala mikro oleh satgas tangkal kodim,socialization of micro-scale ppkm by the task force to deal with the Kodim,1,1,1
132,perintah baru kapolri untuk kapolda soal ppkm dan,new order from the national police chief for the police chief regarding PPKM and,1,1,1
133,bupati pangandaran jeje wiradinata jadi narasumber dialog produktif perintah di saat turun level yang selenggara oleh kpc pen lalu zoom tempat di command center oktober dokpim,"Pangandaran Regent, Jeje Wiradinata, became a resource for productive dialogue orders at the time of downgrading which was held by KPC Pen and then zoomed in to the command center in October, Dokpim",1,1,1
134,posko ppkm level tingkat rw lurah mario camat mariso kota makassar,Posko PPKM level RW level Lurah Mario Camat Mariso Makassar City,1,1,1
135,patroli gabung ppkm level sasar warung dan toko,Patrol joins PPKM at the level of targeting stalls and shops,1,1,1
136,evaluasi kapolri minta jajar tetap antisipasi lonjak,evaluation of the national police chief asks the ranks to keep anticipating the spike,1,1,1
137,cianjur target vaksinasi orang per hari untuk kejar ppkm level,"Cianjur, the target of vaccinating people per day is to catch up to the PPKM level",1,1,1
138,tribun jogja antisipasi gelombang tiga dinkes sleman cepat vaksinasi dan ketat ppkm,the jogja tribune anticipates the third wave of the Sleman Health Office to quickly vaccinate and strict PPKM,1,1,1
139,lapor luhut ppkm sampe akhir jabat,report luhut ppkm until the end of the job,1,1,1
140,ppkm jawa bal panjang sampai kapan,ppkm java bal is long until when,1,1,1
141,satgas tangan jatim akan laku monitoring ketat hadap terap new normal ppkm di kota,The East Java Task Force will carry out strict monitoring of the new normal PPKM implementation in the city,1,1,1
142,atur ppkm di sampai ke warga lalu suluh oleh sat binmas polres kep ribu,set PPKM to the residents and then instructed by Sat Binmas Polres Kep Thousand,1,1,1
143,pemko padang kejar target vaksinasi perintah pusat meski keluar dari ppkm level,Pemko Padang pursues central command vaccination target even though it is out of PPKM level,1,1,1
144,evaluasi kapolri minta jajar tetap antisipasi lonjak pers,evaluation of the national police chief asks the ranks to keep anticipating the press surge,1,1,1
145,pemkab cirebon upaya turun ppkm ke level,Cirebon district government attempts to reduce PPKM to level,1,1,1
146,pemkab garut target vaksinasi persen agar bisa kembali terap ppkm level,Garut regency government targets vaccination percent so that they can return to applying PPKM levels,1,1,1
147,cegah sebar satgas kryd ppkm laku patroli di pasar rakyat tengah,Prevent the deployment of the Kryd PPKM task force conducting patrols in the Central People's Market,1,1,1
148,perintah jokowi izin tatap muka bagi sekolah yang ada di wilayah ppkm level,Jokowi's orders for face-to-face permission for schools in the PPKM level area,1,1,1
149,edukasi warga kait ppkm level sat binmas polres pulau ribu terus beri suluh,"educating residents of the PPKM link at the level of the Binmas, the Thousand Islands Police, continue to give torches",1,1,1
150,patuh atur ppkm,obey ppkm,1,1,1
151,gaji yg dilaporin di bpjstk lebih dr umr daerah kamu trus gak masuk wilayah ppkm level atau usaha kamu kerja masuk bidang didik atau sehat makanya gak dpt,"the salary reported at bpjstk is more than the age of your area and then it doesn't fall into the PPKM level area or your business is in the education or health sector, so you can't",1,1,1
152,terang pers menteri koordinator bidang maritim dan investasi luhut binsar pandjaitan kena kembang ppkm kini senin sore lensakabinet,"explained the press, the Coordinating Minister for Maritime Affairs and Investment, Luhut Binsar Pandjaitan, was hit by PPKM, now Monday afternoon, the lens cabinet",1,1,1
153,upaya tak henti pemkab magetan untuk turun level asesmen ppkm inmendagri sudah satu tengah tahun pandemi alami oleh masyarakat masyarakat di magetan pun kena,The relentless efforts of the Magetan regency government to lower the PPKM assessment level from the Ministry of Home Affairs have been in the middle of a year of a natural pandemic by the people of Magetan.,1,1,1
154,moga ga ada ppkm dulu buat,I hope there is no ppkm first for that,1,1,1
155,upaya tak henti pemkab magetan untuk turun level asesmen ppkm inmendagri sudah satu tengah tahun pandemi alami oleh masyarakat masyarakat di magetan pun kena,The relentless efforts of the Magetan regency government to lower the PPKM assessment level from the Ministry of Home Affairs have been in the middle of a year of a natural pandemic by the people of Magetan.,1,1,1
156,patuh tentu ppkm untuk cegah lonjak sebar,Obey of course PPKM to prevent spikes in distribution,1,1,1
157,karena kita masuk ppkm level masyarakat jangan longgar razia masih kita kata plt kasatpol pp kabupaten paulus,"because we are entering the community level PPKM, don't loose the raid, we still say plt Kasatpol PP Paul District",1,1,1
158,hal sebut rupa upaya untuk tahan agar kepri tetap status ppkm level,It's called an effort to keep the Riau Islands still in PPKM level status,1,1,1
159,perintah jokowi laku sesuai ppkm di jumlah daerah,Jokowi's orders are sold according to PPKM in a number of regions,1,1,1
160,upaya tak henti pemkab magetan untuk turun level asesmen ppkm inmendagri sudah satu tengah tahun pandemi alami oleh masyarakat masyarakat di magetan pun kena,The relentless efforts of the Magetan regency government to lower the PPKM assessment level from the Ministry of Home Affairs have been in the middle of a year of a natural pandemic by the people of Magetan.,1,1,1
161,patuh tentu ppkm untuk cegah lonjak sebar,Obey of course PPKM to prevent spikes in distribution,1,1,1
162,karena kita masuk ppkm level masyarakat jangan longgar razia masih kita kata plt kasatpol pp kabupaten paulus,"because we are entering the community level PPKM, don't loose the raid, we still say plt Kasatpol PP Paul District",1,1,1
163,hal sebut rupa upaya untuk tahan agar kepri tetap status ppkm level,It's called an effort to keep the Riau Islands still in PPKM level status,1,1,1
164,perintah jokowi laku sesuai ppkm di jumlah daerah,Jokowi's orders are sold according to PPKM in a number of regions,1,1,1
165,ppkm tidak henti kendati kasus turun,ppkm doesn't stop even though cases go down,1,1,1
166,dapat beberapa baru atur yang sesuai dengan kembang kasus di apa saja atur ppkm baru yang laku pada baca lengkap lewat artikel,get some new settings that are in accordance with the development of the case in whatever set up a new PPKM that sells in full read through the article,1,1,1
167,hidup ini sangat singkat untuk khawatir yg belum jangan sali apa dan jangan biar orang ingat kita sdh ujung ppkm kalau tetap patuh rahajeng wengi semeton sahabat semua,"Life is too short to worry about those who haven't, don't say anything and don't let people remember that we're already at the end of PPKM, if you're still obedient, Rahajeng Wengi Semeton, all of you friends.",1,1,1
168,daripada di bongkar mending terap ppkm level tak jamin embonge sepi,"Instead of being dismantled, it's better to apply PPKM level, it doesn't guarantee that the embonge is quiet",1,1,1
169,ketua dprd kota medan hasyim imbau warga agar tidak lengah dan tetap disiplin dalam terap protokol meski kota medan sudah turun jadi ppkm level,Medan city dprd chairman Hasyim urges residents not to be careless and remain disciplined in applying protocols even though Medan city has dropped to PPKM level,1,1,1
170,gubernur jatim tegas bahwa saat ini vaksinasi jadi tolok ukur penting yang guna perintah pusat dalam tentu leveling ppkm suatu,The governor of East Java is firm that at this time vaccination is an important benchmark that will be used by the central government in determining the level of PPKM of a country,1,1,1
171,ketua dprd kota medan hasyim imbau warga agar tidak lengah dan tetap disiplin dalam terap protokol meski kota medan sudah turun jadi ppkm level,Medan city dprd chairman Hasyim urges residents not to be careless and remain disciplined in applying protocols even though Medan city has dropped to PPKM level,1,1,1
172,kendali satgas aku ppkm cocok untuk masyarakat indonesia,My task force control PPKM is suitable for Indonesian people,1,1,1
173,pemkab diri cepat vaksinasi untuk dorong turun level ppkm di,local government quickly vaccinates to push down PPKM levels in,1,1,1
174,resmi keluar dari status ppkm level padang tunggu arah perintah pusat,"Officially exited the field level PPKM status, waiting for the direction of the central command",1,1,1
175,kota padang resmi keluar dari ppkm level athari masyarakat jangan lengah,"Padang city is officially out of PPKM athari level, people don't be careless",1,1,1
176,pada terang pers hari reisa dan siti nadia akan abar kembang baru kena strategis perintah dalam tangan pandemi masuk kembang kini kait ppkm bas level dan capai vaksinasi,"in the press light of Hari Reisa and Siti Nadia will be informed that the new flower is subject to a strategic order in the hands of the pandemic, enter the flower, now hook up to PPKM bas level and achieve vaccination",1,1,1
177,bukti lhoo ppkm turun kasus di banyak,"proof, ppkm has decreased in many cases",1,1,1
178,ppkm banjarmasin turun ini kata pakar,"PPKM Banjarmasin is going down, this is what the expert said",1,1,1
179,ppkm level jumlah aktivitas masyarakat sudah kembali,"ppkm level, the number of community activities is back",1,1,1
180,terap ppkm mulai dari ppkm darurat hingga ppkm level sukses turun kasus di,apply ppkm starting from emergency ppkm to success level ppkm to reduce cases in,1,1,1
181,survey serologi itu memang hrs laku untuk cari tingkat herd immunity telah banyak yg vaksin dan kasus kasus turun ini hasil dari ppkm dan paham,"The serological survey must be carried out to find the level of herd immunity, there have been many vaccines and cases of this decline are the result of PPKM and understand",1,1,1
182,ppkm sbg alat kontrol,ppkm as a control tool,1,1,1
183,potret kolaborasi tim raika ppkm level camat ujung pandang kota,portrait of the raika ppkm team collaboration at the subdistrict level of the city's perspective,1,1,1
184,ppkm sudah tepat,ppkm is right,1,1,1
185,ayo patuh protokol ppkm demi cegah,Let's obey the PPKM protocol to prevent it,1,1,1
186,masuk ppkm level destinasi wisata di balang mulai boleh dengan batas dan tahap,"Entering PPKM at the level of tourist destinations in Balang, you can start with limits and stages",1,1,1
187,kantor non esensial sudah bisa work from office baca lengkap sini ppkm wfo kantor nonesensial luhutbinsarpandjaitan,"non-essential offices can work from office, read in full here PPkm wfo non-essential offices, luhutbinsarpandjaitan",1,1,1
188,kota satu dari daerah di jatim masuk ppkm level asesmen kemenkes lewat,City one from an area in East Java enters PPKM at the Ministry of Health assessment level through,1,1,1
189,pariwisata bal segera buka untuk turis asing dengan prokes ketat polisi pasti tak ada seleksi di rekrut eks kpk jadi asn level ppkm wisata di dieng kembali tutup kami bahas di,"bal tourism will soon open for foreign tourists with strict police procedures, there is definitely no selection in recruiting ex-kpk so asn level ppkm tourism in Dieng is closed again, we will discuss it here",1,1,1
190,ayo patuh protokol ppkm demi cegah,Let's obey the PPKM protocol to prevent it,1,1,1
191,lagi social taat ppkm banget ya,"again social, very obedient to ppkm huh",1,1,1
192,abis ppkm selesai wajib lahh pokoknyaaa,"After PPKM is over, it's mandatory, anyway",1,1,1
193,edukasi warga kait ppkm level sat binmas polres pulau ribu terus beri suluh,"educating residents of the PPKM link at the level of the Binmas, the Thousand Islands Police, continue to give torches",1,1,1
194,patuh atur ppkm,obey ppkm,1,1,1
195,moga ga ada ppkm dulu buat,I hope there is no ppkm first for that,1,1,1
196,pariwisata bal segera buka untuk turis asing dengan prokes ketat polisi pasti tak ada seleksi di rekrut eks kpk jadi asn level ppkm wisata di dieng kembali tutup kami bahas di,"bal tourism will soon open for foreign tourists with strict police procedures, there is definitely no selection in recruiting ex-kpk so asn level ppkm tourism in Dieng is closed again, we will discuss it here",1,1,1
197,polsek kedung polres jepara edukasi serta bagi masker ke warga saat ppkm level,"Kedung Police, Jepara Police, educate and distribute masks to residents during PPKM level",1,1,1
198,ppkm tetap produktif,ppkm stay productive,1,1,1
199,vaksinasi capai ppkm di kabupaten bogor bisa turun level,Vaccination reaches PPKM in Bogor Regency can level down,1,1,1
200,ppkm sudah benar,ppkm is correct,1,1,1
201,ayoo taat ppkm,let's obey ppkm,1,1,1
202,ppkm alat kontrol cegah tular,ppkm control device to prevent infection,1,1,1
203,ppkm cara tekan turun sebar,ppkm how to press down share,1,1,1
204,idi sebut kudus akan segera terima kembali ribu vaksinasi,idi called holy will soon receive back thousands of vaccinations,1,1,1
205,pemkab diri cepat vaksinasi untuk dorong turun level ppkm di,local government quickly vaccinates to push down PPKM levels in,1,1,1
206,kota padang resmi keluar dari ppkm level athari masyarakat jangan lengah,"Padang city is officially out of PPKM athari level, people don't be careless",1,1,1
207,dan akan di tindak lanjut untuk ke nya di swab engga jd cluster ya karena semenjak ppkm dan banyak yg udh kasus turun trs untuk swab hari ini aku jd tugas ny dan dalam jam selesai trs br hari ini swab di sma jd beda aja sm,"and there will be a follow-up to the swab, not a cluster, because since PPKM and many cases have dropped, so for today's swab, I'm the task and within hours of completion, today's swab in high school will be different",1,1,1
208,tak pikir turun level pemda kbb fokus selesai vaksinasi,I don't think the local government level will go down kbb focus on finishing vaccination,1,1,1
209,ppkm tidak henti kendati kasus turun,ppkm doesn't stop even though cases go down,1,1,1
210,bupati malang mas agung sampai target vaksinasi dlm hari ke depan bs capai agar malang bisa kembali pada level,"the regent of Malang, Mas Agung, until the vaccination target in the next day can be achieved so that Malang can return to level",1,1,1
211,ppkm banjarmasin turun ini kata pakar,"PPKM Banjarmasin is going down, this is what the expert said",1,1,1
212,ppkm level jumlah aktivitas masyarakat sudah kembali,"ppkm level, the number of community activities is back",1,1,1
213,ayo patuh protokol ppkm demi cegah,Let's obey the PPKM protocol to prevent it,1,1,1
214,lagi social taat ppkm banget ya,"again social, very obedient to ppkm huh",1,1,1
215,abis ppkm selesai wajib lahh pokoknyaaa,"After PPKM is over, it's mandatory, anyway",1,1,1
216,edukasi warga kait ppkm level sat binmas polres pulau ribu terus beri suluh,"educating residents of the PPKM link at the level of the Binmas, the Thousand Islands Police, continue to give torches",1,1,1
217,patuh atur ppkm,obey ppkm,1,1,1
218,moga ga ada ppkm dulu buat,I hope there is no ppkm first for that,1,1,1
219,pariwisata bal segera buka untuk turis asing dengan prokes ketat polisi pasti tak ada seleksi di rekrut eks kpk jadi asn level ppkm wisata di dieng kembali tutup kami bahas di,"bal tourism will soon open for foreign tourists with strict police procedures, there is definitely no selection in recruiting ex-kpk so asn level ppkm tourism in Dieng is closed again, we will discuss it here",1,1,1
220,polsek kedung polres jepara edukasi serta bagi masker ke warga saat ppkm level,"Kedung Police, Jepara Police, educate and distribute masks to residents during PPKM level",1,1,1
221,ppkm tetap produktif,ppkm stay productive,1,1,1
222,vaksinasi capai ppkm di kabupaten bogor bisa turun level,Vaccination reaches PPKM in Bogor Regency can level down,1,1,1
223,aku sih dulu iya belum ppkm tapi pas dalem bilang ke tugas bioskop izin buat deketan tanpa jarak boleh ntar pita diilangin,"I used to have no PPKM, but when I went to the cinema I said that I was allowed to be close without the distance, then the tape would be removed",1,0,0
224,disiplin prokes di ppkm level satsamapta polres serang gelar ops yustisi,Prokes discipline at PPKM level Satsamapta Polres attack holds judicial ops,1,0,0
225,panjang ga ada pasti ujung sampe ppkm apa konsep dulu,"long, there's no definite end until PPKM, what was the first concept",1,0,0
226,imbas ppkm darurat min,impact of emergency ppkm min,1,0,0
227,datang sendiri sidang vonis langgar wali kota semua sama di muka hukum,"come alone, the trial verdict violates the mayor, all are equal before the law",1,0,0
228,syarat naik pesawat oktober tuju jawa dan tak perlu pcr bila sudah vaksin dosis dua via,Requirements to board an October flight to Java and no need for PCR if you have received a second dose of vaccine,1,0,0
229,turun level dinkes batang sasar vaksinasi lansia,lowering the level of the trunk health office targeting elderly vaccinations,1,0,0
230,sampe lupa kalo masih dalam suasana ppkm,I forget that I'm still in PPKM,1,0,0
231,sampe lupa kalo masih dalam suasana ppkm,I forget that I'm still in PPKM,1,0,0
232,upaya cegah terus laku oleh tim gabung satgas yang ada di posko ppkm selain bagi masker tugas posko juga menghimbau kepada warga untuk selalu patuh protokol sehat,"prevention efforts continue to be carried out by the team joining the task force at the PPKM post, apart from masks, the command post also appeals to residents to always obey the healthy protocol.",1,2,1
233,giat bansos upa bagi nasi bungkus kpd warga dalam rangka laku ppkm level di wilayah hukum polsek kundur utara barat belat karimun,"Social assistance is active in an effort to provide rice wrap to residents in the context of conducting PPKM level in the jurisdiction of the Kundur Police, North West, Belat Karimun",1,2,1
234,anggota piket polsek tegalwaru laksana giat patroli dan kece pos ppkm di pasar,Tegalwaru police picket members are like active patrols and are cool at the PPKM post in the market,1,2,1
235,trantib andir sama patroli woro woro tega perwal kota bandung tahun perihal ppkm level penghimbauan batas waktu jam operasional street dan toko,"Transtib Andir and the Woro Woro Patrol have the heart to perwal in Bandung City, last year regarding PPKM, the level of appeal for the time limit for operating hours for streets and shops",1,2,1
236,kepada para kepala sekolah saya sila untuk segera laku giat ajar tatap muka batas dengan syarat wilayah sekolah sebut minimal sudah pada level ppkm dan vaksinasi covid,"to my school principals, please immediately engage in face-to-face teaching with the condition that the school area is at least at the PPKM level and the covid vaccination",1,2,1
237,upaya cegah terus laku oleh tim gabung satgas yang ada di posko ppkm selain bagi masker tugas posko juga menghimbau kepada warga untuk selalu patuh protokol sehat,"prevention efforts continue to be carried out by the team joining the task force at the PPKM post, apart from masks, the command post also appeals to residents to always obey the healthy protocol.",1,2,1
238,giat bansos upa bagi nasi bungkus kpd warga dalam rangka laku ppkm level di wilayah hukum polsek kundur utara barat belat karimun,"Social assistance is active in an effort to provide rice wrap to residents in the context of conducting PPKM level in the jurisdiction of the Kundur Police, North West, Belat Karimun",1,2,1
239,anggota piket polsek tegalwaru laksana giat patroli dan kece pos ppkm di pasar,Tegalwaru police picket members are like active patrols and are cool at the PPKM post in the market,1,2,1
240,vaksinasi dan disiplin prokes dapat cegah tular varian serta cegah potensi lonjak kasus positif covid,Vaccination and health care discipline can prevent variant transmission and prevent a potential spike in positive cases of covid,2,2,2
241,giat disiplin ppkm level iii dan tahan pangan kodim bangli di wilayah camat tembuku,be active in PPKM level III discipline and food security at the Bangli Kodim in the Tembuku sub-district area,2,2,2
242,cegah sebar virus polsek kotarih laksana giat sekat ppkm level i,Prevent the spread of the City Police Sector Virus as active as PPKM level I,2,2,2
243,perintah kabupaten jawa cepat vaksinasi untuk dorong turun level terap laku batas giat masyarakat di daerah,the order of the Java district to immediately vaccinate to push down the level of application of the active limit of the community in the area,2,2,2
244,kuliah tatap muka cara kemudian di riau sudah status ppkm level sehingga untuk syarat sudah penuh dan beberapa kampus swasta telah laksana kuliah tatap muka kemudian tanggap dari pimpin unri yaitu dalam terap sistem kuliah,"Face-to-face lectures, then in Riau, PPKM level status has been fulfilled so that the requirements are full and some private campuses have been like face-to-face lectures and then respond from the UNRI leadership, namely in the application of the lecture system.",2,2,2
245,ppkm kota padang turun athari harap ekonomi masyarakat kembali pulih,ppkm Padang city drops athari Hope the community's economy recovers,2,2,2
246,malam praja lovers kita mau share nih giat ops yustisi dalam terap ppkm level yang laksana siang dan juga malam tuju tega atur batas aktivitas jam malam di beberapa wilayah di salam praja,"evening praja lovers, we want to share, we are active in the judiciary ops in applying PPKM levels, which are like day and night, have the heart to set limits for curfew activities in some areas in Salam Praja",2,2,2
247,wujud kondusifitas laksana patroli pantau wilayah dan tega dalam rangka laku batas giat masyarakat level oleh anggota koramil,a form of conduciveness such as regional monitoring patrols and the heart in the context of limiting activities at the community level by members of the Koramil,2,2,2
248,ppkm tetap lanjut meski positivity rate di bawah,PPKM continues even though the positivity rate is below,2,2,2
249,giat sambang sampai himbuan kamtibmas dan giat patroli mikro di wilayah hukum polsek,active visit to the appeal of kamtibmas and active micro patrols in the jurisdiction of the police,2,2,2
250,rakor naik level ppkm tingkat jawa tengah,Coordination Meeting to increase PPKM level at Central Java level,2,2,2
251,laksana operasi yustisi disiplin protokol sehat pada masa laku batas giat masyarakat dalam upaya cegah dan kendali sebar di wilayah hukum polsek operasi yustisi di pimpin waka polsek akp philep j mende,like the operation of the judiciary for the discipline of the healthy protocol during the period of the active limit of the community in an effort to prevent and control the spread in the jurisdiction of the judiciary police operation led by the deputy head of the polsek akp philep j mende,2,2,2
252,tuju ppkm level kabupaten sidoarjo genjot vaksinasi bagi kaum lansia,Go to PPKM at Sidoarjo Regency level to boost vaccination for the elderly,2,2,2
253,selasa oktober wib personil unit patroli samapta bawah pimpin panit patroli aiptu benny pambudi santoso laksana pantau tega ppkm level iii untuk sampai pesan pesan kamtibmas,"Tuesday, October, WIT Patrol Unit personnel under the leadership of the Patrol Committee, Aiptu Benny Pambudi Santoso, were like monitoring the heart of PPKM Level III to receive security and security messages.",2,2,2
254,senin oktober wib personil unit patroli samapta laksana giat pantau tega ppkm level iii untuk sampai pesan pesan kamtibmas serta imbau protokol sehat kepada warga masyarakat,Monday october wib the personnel of the Samapta patrol unit are actively monitoring the ppkm level III to get the message of security and safety and urge healthy protocols to the community,2,2,2
255,laku batas giat masyarakat tidak boleh kendati kasus,the behavior of the community's active limit cannot be despite the case,2,2,2
256,selasa bhabinkamtibmas dowo laksana sambang warga kampung tangguh meru lurah dowo dengan beri himbauan kamtibmas dan sosialisasi protokol sehat serta terap ppkm guna hambat sebar,"Tuesday, Bhabinkamtibmas Dowo was like a meeting for the residents of the tough village of Meru Lurah Dowo by giving an appeal for security and social security protocols and the socialization of healthy protocols and the application of PPKM to prevent the spread",2,2,2
257,polri ingat kepada masyarakat agar patuh anjur perintah saat ppkm level ini dengan terap protokol sehat wujud polri presisi,The National Police reminds the public to obey the orders during this PPKM level by applying healthy protocols in the form of a precision police,2,2,2
258,polri ingat kepada masyarakat agar patuh anjur perintah saat ppkm level ini dengan terap protokol sehat wujud polri presisi,The National Police reminds the public to obey the orders during this PPKM level by applying healthy protocols in the form of a precision police,2,2,2
259,patroli malam tugas gabung anggota koramil dan polsek selain jaga kondusifitas aparat juga tetap intensif melaksnakan edukasi prokes kepada warga yang beraktifitas malam tengah ppkm level di wilayah,"night patrol, the task of joining the Koramil and Polsek members, apart from maintaining the conduciveness of the apparatus, is also intensively carrying out health education education for residents who are active at night during the PPKM level in the area.",2,2,2
260,anggota koramil nguter dan polsek intensif sambang warga masyarakat yang sedang beraktifitas di menghimbau warga agar tetap patuh jangan lengah tengah laku ppkm level di kabupaten,"members of the Koramil nguter and the intensive police visit community members who are currently active in urging residents to remain obedient, don't be careless while conducting PPKM at the district level",2,2,2
261,polri ingat kepada masyarakat agar patuh anjur perintah saat ppkm level ini dengan terap protokol sehat wujud polri presisi,The National Police reminds the public to obey the orders during this PPKM level by applying healthy protocols in the form of a precision police,2,2,2
262,patroli malam tugas gabung anggota koramil dan polsek selain jaga kondusifitas aparat juga tetap intensif melaksnakan edukasi prokes kepada warga yang beraktifitas malam tengah ppkm level di wilayah,"night patrol, the task of joining the Koramil and Polsek members, apart from maintaining the conduciveness of the apparatus, is also intensively carrying out health education education for residents who are active at night during the PPKM level in the area.",2,2,2
263,anggota koramil nguter dan polsek intensif sambang warga masyarakat yang sedang beraktifitas di menghimbau warga agar tetap patuh jangan lengah tengah laku ppkm level di kabupaten,"members of the Koramil nguter and the intensive police visit community members who are currently active in urging residents to remain obedient, don't be careless while conducting PPKM at the district level",2,2,2
264,vaksinasi dan disiplin prokes dapat cegah tular varian vaksin lindung indonesia,vaccination and health care discipline can prevent transmission of Indonesian protected vaccine variants,2,2,2
265,kepala bidang tangan sehat satgas alexander ginting klaim bijak ppkm level jadi instrumen kunci hasil dalam tekan angka infeksi hari di alex sebut capai ini rupa bentuk,"Head of the Healthy Hands Division of the Task Force, Alexander Ginting, claims that PPKM Level is the key instrument for reducing the number of infections.",2,2,2
266,jumlah ortu siswa dukung sekolah tatap muka di padang lanjut meski ppkm level,the number of students' parents support face-to-face schools in further fields even though ppkm level,2,2,2
267,semua berkat ppkm ppkm ppkm ppkm level,all thanks to ppkm ppkm ppkm ppkm level,2,2,2
268,angka kasus sebar di kabupaten buton selatan sulawesi tenggara mulai per oktober busel status zona hijau dan ada pada laku batas giat masyarakat level,"The number of cases spread in South Buton Regency, Southeast Sulawesi, starting as of October, Busel, the status of a green zone and is at the level of community active limit behavior.",2,2,2
269,bangga ppkm rasa hidup normal,proud ppkm sense of normal life,2,2,2
270,vaksinasi dan disiplin prokes dapat cegah tular varian serta cegah potensi lonjak kasus positif vaksin lindung indonesia,Vaccination and health care discipline can prevent variant transmission and prevent a potential spike in positive cases of Indonesian protected vaccines,2,2,2
271,vaksinasi dan disiplin prokes dapat cegah tular varian serta cegah potensi lonjak kasus positif,Vaccination and health care discipline can prevent variant transmission and prevent a potential spike in positive cases,2,2,2
272,ppkm sangat manfaat,PPKM is very useful,2,2,2
273,ppkm layak dukung,PPKM deserves to be supported,2,2,2
274,kota blitar laku uji coba new normal ppkm telah asesmen kemenkes dan inmendagri nyata makin baik tangan dan capai vaksinasi,"the city of Blitar conducts a trial of the new normal PPKM has been assessed by the Ministry of Health and the Ministry of Home Affairs, it is evident that their hands are getting better and achieving vaccinations",2,2,2
275,ppkm efektif cegah covid,PPKM is effective in preventing covid,2,2,2
276,ppkm telah bukti efektif lawan sebar,PPKM has proven effective against spreading,2,2,2
277,saya baru tahu kalau indikator level parameter capai vaksinasi cara umum dan capai vaksinasi untuk usia vaksinasi lindung masuk untuk usia lanjut,I just found out that the parameter level indicator reaches vaccination in the general way and achieves vaccination for the age of entry into protected vaccination for the elderly,2,2,2
278,ppkm efektif turun kasus dgn bareng taat prokes n ikut vaksinasi,PPKM is effective in reducing cases by obeying the procedures and participating in vaccinations,2,2,2
279,kalian udah tahu belum kalo tangan pandemi di indonesia bahkan lebih baik banding negara tetangga hal ini dibuktiin sama kondisi kita saat ini langsung aja baca gambar atas,"Do you know that the hands of the pandemic in Indonesia are even better than neighboring countries, this is proven by our current condition, just read the picture above",2,2,2
280,kepada para kepala sekolah saya sila untuk segera laku giat ajar tatap muka batas dengan syarat wilayah sekolah sebut minimal sudah pada level ppkm dan vaksinasi covid,"to my school principals, please immediately engage in face-to-face teaching with the condition that the school area is at least at the PPKM level and the covid vaccination",2,2,2
281,ingat hut bupati magetan harap bisa turun level ppkm,"Remember the Magetan regent's hut, hope you can get the PPKM level down",2,2,2
282,satgas bijak ppkm paling cocok untuk masyarakat indonesia alex men,"PPKM's smart task force is most suitable for the Indonesian people, Alex Men",2,2,2
283,ppkm efektif tekan laju covid,PPKM is effective in suppressing the rate of covid,2,2,2
284,dpr tetap fokus kerja walau masa ppkm,dpr stay focused on work even during ppkm,2,2,2
285,suwanto pemuda dukung bijak perintah kait ppkm dan cepat vaksinasi dalam rangka putus sebar di kalimantan tengah,Suwanto the youth wisely supports the PPKM hook order and quickly vaccinates in order to stop the spread in Central Kalimantan,2,2,2
286,ppkm mantep,ppkm good,2,2,2
287,koramil tegak disiplin protokol sehat di posko ppkm,Koramil enforces healthy protocol discipline at the PPKM post,2,2,2
288,gak tau pdhl ppkm juga udh mending gak,"I don't know, pdhl ppkm is better or not",2,2,2
289,personil polsek donorojo giat laku batas giat masyarakat ppkm level,Donorojo police personnel are active in carrying out the active limit of the PPKM level community,2,2,2
290,terimakasi ppk km karena aku gaperlu bayar iur gym lagi sampe desember harus september pas aku panjang ehhh pas itu tbtb ppkm mereka tutup jadi geser i can save my money,thank you ppk km because i don't have to pay the gym fee again until december have to september when i'm long ehhh that's when tbtb ppkm they closed so slide i can save my money,2,2,2
291,dukung bijak perintah dalam terap ppkm,support wise commands in applying ppkm,2,2,2
292,udah bisa kl semua langkah jokowi selalu ppkm nyata sukses ngurangin angka nggak butuh sekarang pd rasa nanti juga kl udah rasa manfaat kca bakal klaim jd milik kadrun kok,"It's already possible if all of Jokowi's steps have always been a real success in reducing the number, you don't need it now, in the future, when you feel the benefits, you will claim to be Kadrun's property.",2,2,2
293,kasatpol pp camat koja apresiasi patuh masyarakat hadap atur ppkm level,"Kasatpol PP, Koja sub-district, appreciates people's obedience towards regulating PPKM level",2,2,2
294,slamat selamat hari btw di daerah kamu ppkm sudah level brapa tuk saya kerja event ngaruh tapi teteup kalo bikin event di tempat tutup wajib foto kiri blum ganti baju,happy day btw in your area ppkm what level is it for me to work the event affects but still if you make an event at a closed place it is mandatory to take a left photo without changing clothes,2,2,2
295,masih tapi kalau itu sebab ya herd immunity tapi yg jelas covid turun karena m dan sebar turun akibat gera orang turun dan itu karena ppkm,"still, but if that's the reason, yes, herd immunity but what is clear is that covid is going down because it's spreading and it's spreading because people are going down and that's because of PPKM",2,2,2
296,ppkm efektif,effective ppkm,2,2,2
297,karena emang lagi tapi mereka semua doain mama and made me feel very thankful,because indeed again but they all pray for mama and made me feel very thankful,2,2,2
298,ppkm itu baik,ppkm is good,2,2,2
299,dukung trus ppkm,support then ppkm,2,2,2
300,bijak ppkm yang laku perintah belakang ini sudah sukses tekan angka kasus positif sebar jangan lengah dan rasa karena virus corona masih ada sekitar tetap taat prokes dan ikut vaksin agar tubuh senantiasa,"It's wise that PPKM, who carried out this last order, has succeeded in suppressing the number of positive cases, don't be careless and feel because the corona virus is still around, stay obedient to the prokes and take vaccines so that the body always",2,2,2
301,polri polri bagai masa,the police are like the time,2,2,2
302,iya aku juga baca kemaren ina tinggi di sea wkwk good news bgt ini ga ppkm panjang mulu kayak herd immunity sedang moga ga ada lagi kasus supaya bisa hdp normal kantor ku juga udah balik wfo per okt meski kapasitas dan rolling minggu x,"Yes, I also read yesterday that she was high in the sea, wow, good news, this doesn't take long, like herd immunity, but hopefully there won't be any more cases so I can have normal HDP, my office has also returned to WFO per oct even though capacity and rolling are weeks x",2,2,2
303,demi rakyat yg bagai upaya laku salah satu bijak yg tepat dan jenius dgn ada ppkm yang hanya ada di indonesia dan sekarang bukti selain itu upaya dapat vaksin dari bagai adalah bukti nyata bahwa dar awal jokowi tetap sama,"for the sake of the people who are like an effort to do one of the right wise and geniuses with PPKM which only exists in Indonesia and now the evidence other than that, the effort to get a vaccine from like is clear evidence that from the beginning Jokowi has remained the same",2,2,2
304,pasca ppkm turun banjarbaru siap ajar tatap muka kompas tv,"After PPKM drops, Banjarbaru is ready to teach face-to-face Kompas TV",2,2,2
305,vaksinasi dan disiplin prokes dapat cegah tular varian vaksin lindung indonesia,vaccination and health care discipline can prevent transmission of Indonesian protected vaccine variants,2,2,2
306,jumlah ortu siswa dukung sekolah tatap muka di padang lanjut meski ppkm level,the number of students' parents support face-to-face schools in further fields even though ppkm level,2,2,2
307,wujud gembira telah ppkm di nyata,happy form has ppkm in real,2,2,2
308,bangga ppkm rasa hidup normal,proud ppkm sense of normal life,2,2,2
309,kuliah tatap muka cara kemudian di riau sudah status ppkm level sehingga untuk syarat sudah penuh dan beberapa kampus swasta telah laksana kuliah tatap muka kemudian tanggap dari pimpin unri yaitu dalam terap sistem kuliah,"Face-to-face lectures, then in Riau, PPKM level status has been fulfilled so that the requirements are full and some private campuses have been like face-to-face lectures and then respond from the UNRI leadership, namely in the application of the lecture system.",2,2,2
310,wujud kondusifitas laksana patroli pantau wilayah dan tega dalam rangka laku batas giat masyarakat level oleh anggota koramil,a form of conduciveness such as regional monitoring patrols and the heart in the context of limiting activities at the community level by members of the Koramil,2,2,2
311,perintah indonesia akan kembali buka pintu masuk bagi negara ke meski belum merinci negara mana saja yang koordinator ppkm luhut pandjaitan singapura bukan jadi salah,"Indonesia's order to re-open the entrance for other countries, although it has not specified which countries are PPKM coordinator Luhut Pandjaitan, Singapore is not wrong",2,2,2
312,ppkm mantep,ppkm good,2,2,2
313,koramil tegak disiplin protokol sehat di posko ppkm,Koramil enforces healthy protocol discipline at the PPKM post,2,2,2
314,gak tau pdhl ppkm juga udh mending gak,"I don't know, pdhl ppkm is better or not",2,2,2
315,personil polsek donorojo giat laku batas giat masyarakat ppkm level,Donorojo police personnel are active in carrying out the active limit of the PPKM level community,2,2,2
316,terimakasi ppk km karena aku gaperlu bayar iur gym lagi sampe desember harus september pas aku panjang ehhh pas itu tbtb ppkm mereka tutup jadi geser i can save my money,thank you ppk km because i don't have to pay the gym fee again until december have to september when i'm long ehhh that's when tbtb ppkm they closed so slide i can save my money,2,2,2
317,dukung bijak perintah dalam terap ppkm,support wise commands in applying ppkm,2,2,2
318,udah bisa kl semua langkah jokowi selalu ppkm nyata sukses ngurangin angka nggak butuh sekarang pd rasa nanti juga kl udah rasa manfaat kca bakal klaim jd milik kadrun kok,"It's already possible if all of Jokowi's steps have always been a real success in reducing the number, you don't need it now, in the future, when you feel the benefits, you will claim to be Kadrun's property.",2,2,2
319,kasatpol pp camat koja apresiasi patuh masyarakat hadap atur ppkm level,"Kasatpol PP, Koja sub-district, appreciates people's obedience towards regulating PPKM level",2,2,2
320,slamat selamat hari btw di daerah kamu ppkm sudah level brapa tuk saya kerja event ngaruh tapi teteup kalo bikin event di tempat tutup wajib foto kiri blum ganti baju,happy day btw in your area ppkm what level is it for me to work the event affects but still if you make an event at a closed place it is mandatory to take a left photo without changing clothes,2,2,2
321,masih tapi kalau itu sebab ya herd immunity tapi yg jelas covid turun karena m dan sebar turun akibat gera orang turun dan itu karena ppkm,"still, but if that's the reason, yes, herd immunity but what is clear is that covid is going down because it's spreading and it's spreading because people are going down and that's because of PPKM",2,2,2
322,bhabinkamtibmas kudu aiptu karyadi sama pilar giat ppkm level dengan beri edukasi selalu patuh protokol sehat kepada warga sama cegah,"Bhabinkamtibmas must be aiptu Karyadi with active pillars of PPKM level by providing education, always obeying healthy protocols to residents and preventing",2,2,2
323,denpasar buka fasum cara batas jumlah anak main di taman main anak lapang puput badung i gusti ngurah made selasa di masa ppkm level jumlah fasilitas umum di kota denpasar sudah mulai buka cara,"Denpasar opens public facilities, how to limit the number of children playing in the Puput Badung Children's Playground, I Gusti Gurah Made Tuesday, during the PPKM level, the number of public facilities in the city of Denpasar has started to open ways",2,2,2
324,anggota koramil sama anggota polsek kemusu laksana operasi prokes laksana ppkm level di depan balaidesa klewor,Koramil members and members of the Kemusu Police Sector are like prokes operations like PPKM level in front of the Klewor Village Hall,2,2,2
325,polri laksana giat patroli malam dengan tegas dan humanis dalam masa terap ppkm level,The National Police are like active night patrols firmly and humanely during the PPKM level implementation period,2,2,2
326,perintah indonesia akan kembali buka pintu masuk bagi negara ke meski belum merinci negara mana saja yang koordinator ppkm luhut pandjaitan singapura bukan jadi salah,"Indonesia's order to re-open the entrance for other countries, although it has not specified which countries are PPKM coordinator Luhut Pandjaitan, Singapore is not wrong",2,2,2
327,dukung laksana ppkm deny boye babinsa koramil bayan sama bhabinkamtibmas polsek bayan gelar operasi yustisi di pasar tradisional bandungrejo camat,"Support like PPKM Deny Boye Babinsa, Bayan Koramil and Bhabinkamtibmas, Bayan Police, hold judicial operations at Bandung Rejo Traditional Market, Camat",2,2,2
328,jakarta kapolri jenderal listyo sigit prabowo beri arah baru lalu kepada seluruh polda jajar kait dengan evaluasi laku batas giat masyarakat selasa,Jakarta National Police Chief General Listyo Sigit Prabowo gave a new direction and then to all Polda Jajar Hook with an evaluation of the behavior of the active limit of the community on Tuesday,2,2,2
329,update vaksinasi covid di ayo segera di vaksin agar herd immunity capai kita bangkit sama tri sehat ri,"Update on the covid vaccination, let's get vaccinated immediately so that herd immunity can be achieved, we will rise together with three healthy people",2,2,2
330,polri laksana giat patroli malam dengan tegas dan humanis dalam masa terap ppkm level,The National Police are like active night patrols firmly and humanely during the PPKM level implementation period,2,2,2
331,meski tambah kasus corona sudah dki jakarta masih tahan di ppkm level mengapa satgas jelas,"Even though the Corona case has been added, DKI Jakarta is still holding it at the PPKM level, why is the task force clear?",2,2,2
332,jakarta kapolri jenderal listyo sigit prabowo beri arah baru lalu kepada seluruh polda jajar kait dengan evaluasi laku batas giat masyarakat selasa,Jakarta National Police Chief General Listyo Sigit Prabowo gave a new direction and then to all Polda Jajar Hook with an evaluation of the behavior of the active limit of the community on Tuesday,2,2,2
333,satgas tegas agar ppkm harus tetap sukses agar tidak jadi lonjak jangan lupa,"The task force is firm so that PPKM must continue to be successful so it doesn't spike, don't forget",2,2,2
334,koramil tegak disiplin protokol sehat di posko ppkm,Koramil enforces healthy protocol discipline at the PPKM post,2,2,2
335,personil polsek patumbak sama tiga pilar laksana giat ppkm sekaligus menghimbau kepada masyarakat dan kendara motor untuk pakai masker dan patuh protokol sehat guna antisipasi sebar,Patumbak Police personnel and the three pillars are active in PPKM while urging the public and motorcyclists to wear masks and comply with healthy protocols to anticipate the spread of the virus.,2,2,2
336,vicon evaluasi laksana ppkm di pimpin di ruang prajagupta,vicon evaluation like ppkm is led in the prajagupta room,2,2,2
337,trantib andir sama patroli woro woro tega perwal kota bandung tahun perihal ppkm level penghimbauan batas waktu jam operasional street dan toko,"Transtib Andir and the Woro Woro Patrol have the heart to perwal in Bandung City, last year regarding PPKM, the level of appeal for the time limit for operating hours for streets and shops",2,2,2
338,kepada para kepala sekolah saya sila untuk segera laku giat ajar tatap muka batas dengan syarat wilayah sekolah sebut minimal sudah pada level ppkm dan vaksinasi covid,"to my school principals, please immediately engage in face-to-face teaching with the condition that the school area is at least at the PPKM level and the covid vaccination",2,2,2
339,upaya cegah terus laku oleh tim gabung satgas yang ada di posko ppkm selain bagi masker tugas posko juga menghimbau kepada warga untuk selalu patuh protokol sehat,"prevention efforts continue to be carried out by the team joining the task force at the PPKM post, apart from masks, the command post also appeals to residents to always obey the healthy protocol.",2,2,2
340,giat bansos upa bagi nasi bungkus kpd warga dalam rangka laku ppkm level di wilayah hukum polsek kundur utara barat belat karimun,"Social assistance is active in an effort to provide rice wrap to residents in the context of conducting PPKM level in the jurisdiction of the Kundur Police, North West, Belat Karimun",2,2,2
341,anggota piket polsek tegalwaru laksana giat patroli dan kece pos ppkm di pasar,Tegalwaru police picket members are like active patrols and are cool at the PPKM post in the market,2,2,2
342,trantib andir sama patroli woro woro tega perwal kota bandung tahun perihal ppkm level penghimbauan batas waktu jam operasional street dan toko,"Transtib Andir and the Woro Woro Patrol have the heart to perwal in Bandung City, last year regarding PPKM, the level of appeal for the time limit for operating hours for streets and shops",2,2,2
343,kepada para kepala sekolah saya sila untuk segera laku giat ajar tatap muka batas dengan syarat wilayah sekolah sebut minimal sudah pada level ppkm dan vaksinasi covid,"to my school principals, please immediately engage in face-to-face teaching with the condition that the school area is at least at the PPKM level and the covid vaccination",2,2,2
344,upaya cegah terus laku oleh tim gabung satgas yang ada di posko ppkm selain bagi masker tugas posko juga menghimbau kepada warga untuk selalu patuh protokol sehat,"prevention efforts continue to be carried out by the team joining the task force at the PPKM post, apart from masks, the command post also appeals to residents to always obey the healthy protocol.",2,2,2
345,giat bansos upa bagi nasi bungkus kpd warga dalam rangka laku ppkm level di wilayah hukum polsek kundur utara barat belat karimun,"Social assistance is active in an effort to provide rice wrap to residents in the context of conducting PPKM level in the jurisdiction of the Kundur Police, North West, Belat Karimun",2,2,2
346,anggota piket polsek tegalwaru laksana giat patroli dan kece pos ppkm di pasar,Tegalwaru police picket members are like active patrols and are cool at the PPKM post in the market,2,2,2
347,antisipasi longgar ini pesan kapolri,this loose anticipation is the message from the chief of police,2,0,1
348,perintah panjang ppkm hingga okt area jawa bal ppkm level bawah mengijinkan kerja sektor non esensial kerja kembali di kantor,long orders ppkm to oct Java bal area ppkm lower level allows non-essential sector work to return to work in the office,2,0,1
349,perintah panjang ppkm hingga okt area jawa bal ppkm level bawah mengijinkan kerja sektor non esensial kerja kembali di kantor,long orders ppkm to oct Java bal area ppkm lower level allows non-essential sector work to return to work in the office,2,0,1
350,bupati morowali jangan percaya berita vaksinasi bukti tekan angka korban,"Morowali regent don't believe the news of vaccination, proof of suppressing the number of victims",2,0,1
351,sayang banget rilis pas musim coba gaada ppkm pasti bakal rame bangettt,"Too bad it's released during the trial season without PPKM, it's definitely going to be really busy",2,0,1
352,riau minta pasok bbm tambah iring turun level ppkm di,"Riau asks for more fuel supplies, along with lowering the PPKM level at",2,0,1
353,ppkm pengaruh besar cegah covid,PPKM has a big impact on preventing covid,2,0,1
354,status ppkm tahan di level lihat bahwa pandemi kian pada saat seperti ini justru kampanye tertib prokes perlu makin saksi episode kamis pukul wib hanya di,"PPKM status is holding at the level. See that the pandemic is getting worse at a time like this, in fact, the campaign for an orderly process needs more witnesses to the Thursday episode at WIT only on",2,0,1
355,ppkm lindung masyarakat dari kena virus korona,PPKM protects the public from getting infected with the corona virus,2,0,1
356,ppkm lindung masyarakat dari kena virus korona,PPKM protects the public from getting infected with the corona virus,2,0,1
357,wakil ketua umum bidang koperasi dan umkm kadin akhmad syarbini efektivitas laksana ppkm darurat sangat gantung pada perilaku tanpa,"Kadin Deputy General Chairperson for Cooperatives and SMEs, Akhmad Syarbini, the effectiveness of emergency PPKM is very dependent on behavior without",2,0,1
358,ubah atur ppkm level pasar dan mal boleh buka persen via apa berat kalian even lbp lbp lagi yg pasti tdk ada satu orang bisa bantah hasil tak kenal istilah mangkrak bro n sist,"change the PPkm at market and mall levels, you can open percent via what weight you are even lbp lbp again for sure no one can deny the results don't know the term stalled bro n sis",2,0,1
359,ppkm bisa jadi kurang cara signifikan kasus bullying dan rundung oleh yg sakit cara mental dan harus dapat treatment,PPKM can be less significant in cases of bullying and bullying by those who are mentally ill and must receive treatment,2,0,1
360,wakil ketua umum bidang koperasi dan umkm kadin akhmad syarbini efektivitas laksana ppkm darurat sangat gantung pada perilaku tanpa,"Kadin Deputy General Chairperson for Cooperatives and SMEs, Akhmad Syarbini, the effectiveness of emergency PPKM is very dependent on behavior without",2,0,1
